<JUNCTION>
	<VERSION>9.0.7.0</VERSION>
	<NAME>/mga</NAME>
	<JUCTYPE>ssl</JUCTYPE>
	<HARDLIMIT>0</HARDLIMIT>
	<SOFTLIMIT>0</SOFTLIMIT>
	<BASICAUTH>ignore</BASICAUTH>
	<CLIENTID>insert_pass_usgrcr</CLIENTID>
	<SCRIPTCOOKIE/>
	<SCRIPTCOOKIEHEAD/>
	<REMOTEADDRESS/>
	<SESSIONCOOKIE/>
	<REQUESTENCODING>utf8_uri</REQUESTENCODING>
	<UUID>dbbfbfcc-ea34-11e9-9c86-0242ac120005</UUID>
	<HOST>isamruntime</HOST>
	<PORT>443</PORT>
	<VIRTHOSTNM>isamruntime</VIRTHOSTNM>
	<SERVERDN></SERVERDN>
	<URLQC>/sps/cgi-bin/query_contents</URLQC>
	<LOCALADDRESS></LOCALADDRESS>
	<OPERATIONALMODE>online</OPERATIONALMODE>
	<WHENTHROTTLED>0</WHENTHROTTLED>
</JUNCTION>
