<JUNCTION>
	<VERSION>9.0.7.0</VERSION>
	<NAME>/demo</NAME>
	<JUCTYPE>ssl</JUCTYPE>
	<HARDLIMIT>0</HARDLIMIT>
	<SOFTLIMIT>0</SOFTLIMIT>
	<BASICAUTH>filter</BASICAUTH>
	<CLIENTID>insert_pass_usgrcr</CLIENTID>
	<REMOTEADDRESS/>
	<REQUESTENCODING>utf8_uri</REQUESTENCODING>
	<UUID>896e0bf2-ea3e-11e9-bb7c-0242ac120005</UUID>
	<HOST>isamruntime</HOST>
	<PORT>443</PORT>
	<VIRTHOSTNM>isamruntime</VIRTHOSTNM>
	<SERVERDN></SERVERDN>
	<URLQC>/cgi-bin/query_contents</URLQC>
	<LOCALADDRESS></LOCALADDRESS>
	<OPERATIONALMODE>online</OPERATIONALMODE>
	<WHENTHROTTLED>0</WHENTHROTTLED>
</JUNCTION>
